label,question,intervals,interface_strategy,include_end_faces,length_scaling,plateau_mode,integrator,end_time_s,event_time_s,event_hours,elapsed_s,step_count,min_step_s,max_step_s,final_max_moisture,moisture_min,temperature_max_c,moisture_monotone
midpoint-N20,4,20,midpoint,True,constant,fixed,bdf,126901.12947746467,126901.12947746467,35.250313743740186,2.265048100000058,3835,0.0020075168534900035,2203.6417177699477,0.15000000000000002,0.05256771287997236,50.055826774722696,True
midpoint-N40,4,40,midpoint,True,constant,fixed,bdf,126767.65331591632,126767.65331591632,35.213237032198975,12.565413700000136,3834,0.0016849878539107598,2064.3356690337387,0.15,0.052599292782869365,50.05570644363292,True
midpoint-N80,4,80,midpoint,True,constant,fixed,bdf,126709.57484703118,126709.57484703118,35.197104124175326,22.50135769999997,3738,0.0014155072943412108,2131.9606564195856,0.15,0.05260938483022271,50.05562293005709,True
harmonic-N20,4,20,harmonic,True,constant,fixed,bdf,143613.68382682028,143613.68382682028,39.892689951894525,8.290152600000056,3880,0.0020075168534900035,2039.2342514421907,0.15,0.052265210751397936,50.055807409448214,True
harmonic-N40,4,40,harmonic,True,constant,fixed,bdf,129960.7926941136,129960.7926941136,36.10022019280933,11.82749590000003,3869,0.0016849878539107598,1974.9470949832466,0.14999999999999997,0.05269464416413607,50.05570908654202,True
harmonic-N80,4,80,harmonic,True,constant,fixed,bdf,127331.89576287418,127331.89576287418,35.36997104524283,21.69425729999989,3774,0.0014155072943412108,2056.5121768120443,0.15,0.052663753717176354,50.05565941119852,True
series-N20,4,20,series,True,constant,fixed,bdf,143167.1481071827,143167.1481071827,39.76865225199519,11.206058499999926,3872,0.0020075168534900035,3027.3335180073627,0.14999999999999997,0.05227804059372063,50.05580897873134,True
series-N40,4,40,series,True,constant,fixed,bdf,129918.869267605,129918.869267605,36.08857479655694,16.719483099999934,3867,0.0016849878539107598,1897.691440446084,0.14999999999999997,0.052694593840023694,50.05571151455876,True
series-N80,4,80,series,True,constant,fixed,bdf,127328.67437819856,127328.67437819856,35.36907621616626,31.740684399999964,3759,0.0014155072943412108,2194.5316639837984,0.15,0.05266336217179961,50.05564657865865,True
